{
  "price_mfs": {
    "low": [
      49.9,
      49.9,
      118.87714285
    ],
    "medium": [
      49.9,
      118.87714285,
      187.8542857
    ],
    "high": [
      118.87714285,
      187.8542857,
      187.8542857
    ]
  },
  "comp_mfs": {
    "low": [
      49.9,
      49.9,
      114.94500000000001
    ],
    "medium": [
      49.9,
      114.94500000000001,
      179.99
    ],
    "high": [
      114.94500000000001,
      179.99,
      179.99
    ]
  },
  "qty_min": 1.0,
  "qty_max": 91.0,
  "default_qty": 14.9875,
  "price_min": 49.9,
  "price_max": 187.8542857,
  "comp_min": 49.9,
  "comp_max": 179.99,
  "best_rules": [
    28.41523922560336,
    1.0,
    22.999455960747984,
    2.824461391674171,
    2.3237172682086267,
    57.770467237056195,
    11.547114985006969,
    1.0,
    18.634798899877858
  ],
  "mse": 205.84462319352915
}